{
    "accuracy": 0.8214285714285714,
    "precision": 0.7903225806451613,
    "recall": 0.875,
    "f1": 0.8305084745762712,
    "roc_auc": 0.8872945011337869,
    "threshold": 0.4,
    "true_negative": 129,
    "false_positive": 39,
    "false_negative": 21,
    "true_positive": 147
}